Bai,STT,Nghia_Tieng_Viet,Dap_An_Tieng_Nhat,Han_Tu,Han_Viet
1,1,tôi,,私,
1,2,"chúng tôi, chúng ta",,私たち,
1,3,anh/chị/ông/bà,,貴方,
1,4,"người kia, người đó",,あの人,
1,5,vị kia,,あの方,
1,6,"các anh chị, các ông bà, các bạn, quý vị",,皆さん,
1,7,anh/chị/ông/bà (hậu tố sau tên),,,
1,8,hậu tố sau tên trẻ em,,,
1,9,hậu tố sau tên em trai,,～君,
1,10,người nước ~,,～人,
1,11,"thầy, cô",,先生,
1,12,giáo viên,,教師,
1,13,"học sinh, sinh viên",,学生,
1,14,nhân viên công ty,,会社員,
1,15,nhân viên công ty,,社員,
1,16,nhân viên ngân hàng,,銀行員,
1,17,bác sĩ,,医者,
1,18,nhà nghiên cứu,,研究者,
1,19,kỹ sư,,,
1,20,"đại học, trường đại học",,大学,
1,21,bệnh viện,,病院,
1,22,"điện, đèn điện",,電気,
1,23,"ai, vị nào",,誰／何方,
1,24,~ tuổi,,～歳,
1,25,"mấy tuổi, bao nhiêu tuổi",,何歳,
1,26,"vâng, dạ",,,
1,27,không,,,
1,28,"xin lỗi, ...",,失礼ですが,
1,29,Tên anh/chị là gì?,,お名前は？,
1,30,Rất hân hạnh được gặp anh/chị,,初めまして。,
1,31,Rất mong được sự giúp đỡ của anh/chị,,どうぞよろしく［お願いします］。,
1,32,Đây là anh/chị/ông/bà ~,,,
1,33,tôi đến từ ~,,～から来ました。,
1,34,Mỹ,,,
1,35,Anh,,,
1,36,Ấn Độ,,,
1,37,Indonesia,,,
1,38,Hàn Quốc,,韓国,
1,39,Thái Lan,,,
1,40,Trung Quốc,,中国,
1,41,Đức,,,
1,42,Nhật Bản,,日本,
1,43,Pháp,,,
1,44,Braxin,,,
1,45,Đại học Sakura (giả tưởng),,さくら大学,
1,46,Đại học Phú Sĩ (giả tưởng),,富士大学,
1,47,công ty điện Power,,,
1,48,tên một tổ chức giả tưởng,,,
1,49,tên một bệnh viện giả tưởng,,神戸病院,
2,1,"cái này, đây",,,
2,2,"cái đó, đó",,,
2,3,"cái kia, kia",,,
2,4,~ này,,,
2,5,~ đó,,,
2,6,~ kia,,,
2,7,sách,,本,
2,8,từ điển,,辞書,
2,9,tạp chí,,雑誌,
2,10,báo,,新聞,
2,11,vở,,,
2,12,sổ tay,,手帳,
2,13,danh thiếp,,名刺,
2,14,"thẻ, cạc",,,
2,15,thẻ điện thoại,,,
2,16,bút chì,,鉛筆,
2,17,bút bi,,,
2,18,"bút chì kim, bút chì bấm",,,
2,19,chìa khóa,,鍵,
2,20,đồng hồ,,時計,
2,21,"ô, dù",,傘,
2,22,"cặp sách, túi sách",,,
2,23,băng cát-xét,,,
2,24,máy ghi âm,,,
2,25,tivi,,,
2,26,radio,,,
2,27,máy ảnh,,,
2,28,máy vi tính,,,
2,29,"ô tô, xe hơi",,自動車,
2,30,cái bàn,,机,
2,31,cái ghế,,,
2,32,sô-cô-la,,,
2,33,cà phê,,,
2,34,tiếng Anh,,英語,
2,35,tiếng Nhật,,日本語,
2,36,cái gì,,,
2,37,cái gì,,何,
2,38,đúng rồi,,,
2,39,"không phải, không đúng, sai rồi",,違います,
2,40,"thế à, vậy à",,,
2,41,"à, ờ",,,
2,42,chỉ là chút lòng thành thôi,,ほんの気持ち,
2,43,xin mời,,,
2,44,cảm ơn,,,
2,45,xin chân thành cảm ơn,,,
2,46,từ nay tôi rất mong sự giúp đỡ của anh/chị,,これからお世話になります,
2,47,chính tôi mới phải xin anh/chị giúp đỡ,,,
3,1,"chỗ này, đây",,,
3,2,"chỗ đó, đó",,,
3,3,"chỗ kia, kia",,,
3,4,"chỗ nào, đâu",,,
3,5,"phía này, đằng này, chỗ này, đây",,,
3,6,"phía đó, đằng đó, chỗ đó, đó",,,
3,7,"phía kia, đằng kia, chỗ kia, kia",,,
3,8,"phía nào, đằng nào, chỗ nào, đâu",,,
3,9,"lớp học, phòng học",,教室,
3,10,nhà ăn,,食堂,
3,11,văn phòng,,事務所,
3,12,phòng họp,,会議室,
3,13,"bộ phận tiếp tân, phòng thường trực",,受付,
3,14,"hành lang, đại sảnh",,,
3,15,căn phòng,,部屋,
3,16,"nhà vệ sinh, phòng vệ sinh, toa-lét",,トイレ（お手洗い）,
3,17,cầu thang,,階段,
3,18,thang máy,,,
3,19,thang cuốn,,,
3,20,đất nước của anh/chị,,［お］国,
3,21,công ty,,会社,
3,22,nhà,,家,
3,23,"máy điện thoại, điện thoại",,電話,
3,24,giày,,靴,
3,25,cà vạt,,,
3,26,rượu vang,,,
3,27,thuốc lá,,煙草,
3,28,quầy bán,,売り場,
3,29,"tầng hầm, dưới mặt đất",,地下,
3,30,tầng thứ ~,,～階,
3,31,tầng mấy,,何階,
3,32,~ yên,,～円,
3,33,bao nhiêu tiền,,,
3,34,trăm,,百,
3,35,nghìn,,千,
3,36,"mười nghìn, vạn",,万,
3,37,xin lỗi,,,
3,38,cách nói lịch sự của 'là',,,
3,39,cho tôi xem ~,,［～を］見せてください,
3,40,"thế thì, vậy thì",,,
3,41,cho tôi ~,,,
3,42,tên một nhà ga ở Osaka,,新大阪,
3,43,Ý,,,
3,44,Thụy Sĩ,,,
3,45,tên các công ty giả tưởng,,,
4,1,"dậy, thức dậy",,起きます,
4,2,"ngủ, đi ngủ",,寝ます,
4,3,làm việc,,働きます,
4,4,"nghỉ, nghỉ ngơi",,休みます,
4,5,học,,勉強します,
4,6,"hết, kết thúc, xong",,終わります,
4,7,bách hóa,,,
4,8,ngân hàng,,銀行,
4,9,bưu điện,,郵便局,
4,10,thư viện,,図書館,
4,11,bảo tàng mỹ thuật,,美術館,
4,12,bây giờ,,今,
4,13,~ giờ,,～時,
4,14,~ phút,,～分,
4,15,"rưỡi, nửa",,半,
4,16,mấy giờ,,何時,
4,17,mấy phút,,何分,
4,18,"sáng, trước 12 giờ trưa",,午前,
4,19,"chiều, sau 12 giờ trưa",,午後,
4,20,"buổi sáng, sáng",,朝,
4,21,"buổi trưa, trưa",,昼,
4,22,"buổi tối, tối",,晩（夜）,
4,23,hôm kia,,一昨日,
4,24,hôm qua,,昨日,
4,25,hôm nay,,今日,
4,26,ngày mai,,明日,
4,27,ngày kia,,明後日,
4,28,sáng nay,,今朝,
4,29,tối nay,,今晩,
4,30,"nghỉ, nghỉ phép, ngày nghỉ",,休み,
4,31,nghỉ trưa,,昼休み,
4,32,"hàng sáng, mỗi sáng",,毎朝,
4,33,"hàng tối, mỗi tối",,毎晩,
4,34,"hàng ngày, mỗi ngày",,毎日,
4,35,thứ hai,,月曜日,
4,36,thứ ba,,火曜日,
4,37,thứ tư,,水曜日,
4,38,thứ năm,,木曜日,
4,39,thứ sáu,,金曜日,
4,40,thứ bảy,,土曜日,
4,41,chủ nhật,,日曜日,
4,42,thứ mấy,,何曜日,
4,43,số,,番号,
4,44,"số bao nhiêu, số mấy",,何番,
4,45,~ từ,,,
4,46,~ đến,,,
4,47,~ và,,,
4,48,"phía đó, đằng đó, chỗ đó, đó",,,
4,49,Anh/chị vất vả quá,,大変ですね,
4,50,"ừ, à",,,
4,51,số điện thoại dịch vụ hướng dẫn số điện thoại,,,
4,52,"Nhờ anh/chị, xin vui lòng giúp đỡ",,お願いします,
4,53,"Tôi hiểu rồi ạ, vâng được rồi ạ",,,
4,54,số điện thoại mà ông/bà muốn hỏi,,お問い合わせの番号,
4,55,Xin cảm ơn ông/bà,,,
4,56,New York,,,
4,57,Bắc Kinh,,北京,
4,58,Luân Đôn,,,
4,59,Băng Cốc,,,
4,60,Los Angeles,,,
4,61,tên một bảo tàng mỹ thuật giả tưởng,,大和美術館,
4,62,tên một bách hóa giả tưởng,,朝日デパート,
4,63,tên một thư viện giả tưởng,,緑図書館,
4,64,tên một ngân hàng giả tưởng,,アップル銀行,
5,1,đi,,行きます,
5,2,đến,,来ます,
5,3,về,,帰ります,
5,4,trường học,,学校,
5,5,siêu thị,,,
5,6,"ga, nhà ga",,駅,
5,7,máy bay,,飛行機,
5,8,"thuyền, tàu thủy",,船,
5,9,tàu điện,,電車,
5,10,tàu điện ngầm,,地下鉄,
5,11,tàu Shinkansen,,新幹線,
5,12,xe buýt,,,
5,13,tắc-xi,,,
5,14,xe đạp,,自転車,
5,15,đi bộ,,歩いて,
5,16,người,,人,
5,17,"bạn, bạn bè",,友達,
5,18,"anh ấy, bạn trai",,彼,
5,19,"chị ấy, bạn gái",,彼女,
5,20,gia đình,,家族,
5,21,một mình,,一人で,
5,22,tuần trước,,先週,
5,23,tuần này,,今週,
5,24,tuần sau,,来週,
5,25,tháng này,,今月,
5,26,tháng sau,,来月,
5,27,năm ngoái,,去年,
5,28,năm nay,,今年,
5,29,năm sau,,来年,
5,30,tháng ~,,～月,
5,31,tháng mấy,,何月,
5,32,ngày mồng 1,,一日,
5,33,"ngày mồng 2, 2 ngày",,二日,
5,34,"ngày mồng 3, 3 ngày",,三日,
5,35,"ngày mồng 4, 4 ngày",,四日,
5,36,"ngày mồng 5, 5 ngày",,五日,
5,37,"ngày mồng 6, 6 ngày",,六日,
5,38,"ngày mồng 7, 7 ngày",,七日,
5,39,"ngày mồng 8, 8 ngày",,八日,
5,40,"ngày mồng 9, 9 ngày",,九日,
5,41,"ngày mồng 10, 10 ngày",,十日,
5,42,"ngày 14, 14 ngày",,十四日,
5,43,"ngày 20, 20 ngày",,二十日,
5,44,"ngày 24, 24 ngày",,二十四日,
5,45,"ngày ~, ~ ngày",,～日,
5,46,"ngày mấy, ngày bao nhiêu, mấy ngày, bao nhiêu ngày",,何日,
5,47,"bao giờ, khi nào",,,
5,48,sinh nhật,,誕生日,
5,49,tàu thường,,普通,
5,50,tàu tốc hành,,急行,
5,51,tàu tốc hành đặc biệt,,特急,
5,52,tiếp theo,,次の,
5,53,Không có gì,,,
5,54,sân ga số ~,,～番線,
5,55,tên một khu phố ở Kyushu,,博多,
5,56,tên một khu phố ở Kyoto,,伏見,
5,57,tên một khu phố ở Osaka,,甲子園,
5,58,Lâu đài Osaka,,大阪城,
6,1,ăn,,食べます,
6,2,uống,,飲みます,
6,3,hút thuốc lá,,吸います,
6,4,"xem, nhìn, trông",,見ます,
6,5,nghe,,聞きます,
6,6,đọc,,読みます,
6,7,"viết, vẽ",,書きます,
6,8,mua,,買います,
6,9,chụp ảnh,,撮ります,
6,10,làm,,,
6,11,gặp bạn,,会います,
6,12,"cơm, bữa ăn",,ご飯,
6,13,cơm sáng,,朝ご飯,
6,14,cơm trưa,,昼ご飯,
6,15,cơm tối,,晩ご飯,
6,16,bánh mì,,,
6,17,trứng,,卵,
6,18,thịt,,肉,
6,19,cá,,魚,
6,20,rau,,野菜,
6,21,"hoa quả, trái cây",,果物,
6,22,nước,,水,
6,23,trà,,お茶,
6,24,trà đen,,紅茶,
6,25,sữa bò,,牛乳,
6,26,sữa,,,
6,27,nước hoa quả,,,
6,28,bia,,,
6,29,"rượu, rượu sake",,［お］酒,
6,30,"video, băng video, đầu video",,,
6,31,"phim, điện ảnh",,映画,
6,32,đĩa CD,,,
6,33,thư,,手紙,
6,34,báo cáo,,,
6,35,ảnh,,写真,
6,36,"cửa hàng, tiệm",,店,
6,37,nhà hàng,,,
6,38,vườn,,庭,
6,39,bài tập về nhà,,宿題,
6,40,quần vợt,,,
6,41,bóng đá,,,
6,42,việc ngắm hoa anh đào,,［お］花見,
6,43,cái gì,,何,
6,44,"cùng, cùng nhau",,一緒に,
6,45,một chút,,,
6,46,"luôn luôn, lúc nào cũng",,,
6,47,thỉnh thoảng,,時々,
6,48,"sau đó, tiếp theo",,,
6,49,"vâng, được",,,
6,50,"Được đấy nhỉ, hay quá",,,
6,51,"Tôi hiểu rồi, vâng ạ",,分かりました,
6,52,"Có gì đấy ạ, cái gì vậy?",,何ですか,
6,53,Hẹn gặp lại ngày mai,,じゃ、また明日,
6,54,Mexico,,,
6,55,Công viên lâu đài Osaka,,大阪城公園,
7,1,cắt,,切ります,
7,2,gửi,,送ります,
7,3,"cho, tặng",,上げます,
7,4,nhận,,貰います,
7,5,"cho mượn, cho vay",,貸します,
7,6,"mượn, vay",,借ります,
7,7,dạy,,教えます,
7,8,"học, tập",,習います,
7,9,gọi điện thoại,,電話をかけます,
7,10,tay,,手,
7,11,đũa,,箸,
7,12,thìa,,,
7,13,dao,,,
7,14,nĩa,,,
7,15,kéo,,鋏,
7,16,fax,,,
7,17,máy đánh chữ,,,
7,18,máy vi tính cá nhân,,,
7,19,cái đục lỗ,,,
7,20,cái dập ghim,,,
7,21,băng dính,,,
7,22,cái tẩy,,消しゴム,
7,23,giấy,,紙,
7,24,hoa,,花,
7,25,áo sơ mi,,,
7,26,"quà tặng, tặng phẩm",,,
7,27,"đồ đạc, hành lý",,荷物,
7,28,tiền,,お金,
7,29,vé,,切符,
7,30,Giáng sinh,,,
7,31,bố của mình,,父,
7,32,mẹ của mình,,母,
7,33,bố của người khác / dùng để gọi bố mình,,お父さん,
7,34,mẹ của người khác / dùng để gọi mẹ mình,,お母さん,
7,35,"đã, rồi",,,
7,36,chưa,,,
7,37,"từ bây giờ, sau đây",,,
7,38,"Hay nhỉ, đẹp nhỉ",,素敵ですね,
7,39,"Xin lỗi, có ai ở nhà không?",,ご免ください,
7,40,Chào mừng anh/chị đã đến chơi,,,
7,41,Mời anh/chị vào,,どうぞお上がりください,
7,42,Xin thất lễ,,失礼します,
7,43,Anh/chị dùng ~ có được không?,,,
7,44,Xin nhận / mời dùng trước khi ăn uống,,,
7,45,"du lịch, chuyến du lịch",,旅行,
7,46,quà,,お土産,
7,47,Châu Âu,,,
7,48,Tây Ban Nha,,,
8,1,đẹp trai,,,
8,2,"đẹp, sạch",,綺麗［な］,
8,3,yên tĩnh,,静か［な］,
8,4,náo nhiệt,,賑やか［な］,
8,5,nổi tiếng,,有名［な］,
8,6,"tốt bụng, thân thiện",,親切［な］,
8,7,khỏe,,元気［な］,
8,8,rảnh rỗi,,暇［な］,
8,9,tiện lợi,,便利［な］,
8,10,"đẹp, hay",,素敵［な］,
8,11,"lớn, to",,大きい,
8,12,"bé, nhỏ",,小さい,
8,13,mới,,新しい,
8,14,cũ,,古い,
8,15,tốt,,良い,
8,16,xấu,,悪い,
8,17,nóng,,暑い,
8,18,"lạnh, rét",,寒い,
8,19,"lạnh, buốt",,冷たい,
8,20,khó,,難しい,
8,21,dễ,,易しい,
8,22,"đắt, cao",,高い,
8,23,rẻ,,安い,
8,24,thấp,,低い,
8,25,"thú vị, hay",,面白い,
8,26,ngon,,美味しい,
8,27,bận,,忙しい,
8,28,vui,,楽しい,
8,29,trắng,,白い,
8,30,đen,,黒い,
8,31,đỏ,,赤い,
8,32,xanh da trời,,青い,
8,33,anh đào,,桜,
8,34,núi,,山,
8,35,"thị trấn, thị xã, thành phố",,町,
8,36,đồ ăn,,食べ物,
8,37,xe ô tô,,車,
8,38,"nơi, chỗ",,所,
8,39,kí túc xá,,寮,
8,40,học,,勉強,
8,41,"cuộc sống, sinh hoạt",,生活,
8,42,công việc,,［お］仕事,
8,43,thế nào,,,
8,44,~ như thế nào,,,
8,45,cái nào,,,
8,46,"rất, lắm",,,
8,47,không ~ lắm,,,
8,48,"và, thêm nữa",,,
8,49,"~, nhưng ~",,,
8,50,Anh/chị có khỏe không?,,お元気ですか,
8,51,"Thế à, như vậy nhỉ",,,
8,52,Anh/chị đã quen với cuộc sống ở Nhật chưa?,,日本の生活に慣れましたか,
8,53,Anh/chị dùng thêm một chén ~ nữa được không?,,［～、］もう一杯いかがですか,
8,54,"Không, đủ rồi ạ",,いいえ、結構です,
8,55,Đã ~ rồi nhỉ,,,
8,56,Sắp đến lúc tôi phải xin phép rồi,,そろそろ失礼します,
8,57,Lần sau anh/chị lại đến chơi nhé,,,
8,58,Núi Phú Sĩ,,富士山,
8,59,Hồ Biwa,,琵琶湖,
8,60,Thượng Hải,,上海,
8,61,Bảy chàng võ sĩ Samurai,,七人の侍,
8,62,Chùa Kinkaku-ji,,金閣寺,
9,1,"hiểu, nắm được",,分かります,
9,2,"có, sở hữu",,,
9,3,thích,,好き［な］,
9,4,"ghét, không thích",,嫌い［な］,
9,5,"giỏi, khéo",,上手［な］,
9,6,kém,,下手［な］,
9,7,"món ăn, việc nấu ăn",,料理,
9,8,đồ uống,,飲み物,
9,9,thể thao,,,
9,10,bóng chày,,野球,
9,11,"nhảy, khiêu vũ",,,
9,12,âm nhạc,,音楽,
9,13,bài hát,,歌,
9,14,nhạc cổ điển,,,
9,15,nhạc jazz,,,
9,16,buổi hòa nhạc,,,
9,17,karaoke,,,
9,18,Kabuki,,歌舞伎,
9,19,"tranh, hội họa",,絵,
9,20,chữ,,字,
9,21,chữ Hán,,漢字,
9,22,chữ Hiragana,,平仮名,
9,23,chữ Katakana,,片仮名,
9,24,chữ La Mã,,ローマ字,
9,25,tiền lẻ,,細かいお金,
9,26,"vé xem hòa nhạc, xem phim",,,
9,27,thời gian,,時間,
9,28,"việc bận, công chuyện",,用事,
9,29,"cuộc hẹn, lời hứa",,約束,
9,30,chồng của người khác,,ご主人,
9,31,chồng của mình,,夫／主人,
9,32,vợ của người khác,,奥さん,
9,33,vợ của mình,,妻／家内,
9,34,con cái,,子供,
9,35,"tốt, rõ",,,
9,36,"đại khái, đại thể",,大体,
9,37,nhiều,,沢山,
9,38,"ít, một ít",,少し,
9,39,hoàn toàn không,,全然,
9,40,"sớm, nhanh",,早く,
9,41,~ từ,,,
9,42,tại sao,,,
9,43,"Thật đáng tiếc nhỉ, buồn nhỉ",,残念ですね,
9,44,Xin lỗi,,,
9,45,a-lô,,,
9,46,"a, à",,,
9,47,Anh/chị cùng ~ với chúng tôi được không?,,一緒にいかがですか,
9,48,~ thì có lẽ không được rồi,,,
9,49,Không được à?,,駄目ですか,
9,50,Hẹn anh/chị lần sau vậy,,また今度お願いします,
9,51,Ozawa Seiji,,小澤征爾,
10,1,"có, ở",,,
10,2,có,,,
10,3,"nhiều, đa dạng",,色々［な］,
10,4,người đàn ông,,男の人,
10,5,người đàn bà,,女の人,
10,6,cậu con trai,,男の子,
10,7,cô con gái,,女の子,
10,8,chó,,犬,
10,9,mèo,,猫,
10,10,"cây, gỗ",,木,
10,11,"vật, đồ vật",,物,
10,12,phim,,,
10,13,pin,,電池,
10,14,hộp,,箱,
10,15,công tắc,,,
10,16,tủ lạnh,,冷蔵庫,
10,17,bàn,,,
10,18,giường,,,
10,19,giá sách,,棚,
10,20,cửa,,,
10,21,cửa sổ,,窓,
10,22,"hộp thư, hòm thư",,,
10,23,tòa nhà,,,
10,24,công viên,,公園,
10,25,"quán giải khát, quán cà phê",,喫茶店,
10,26,hiệu sách,,本屋,
10,27,"hiệu ~, cửa hàng ~",,～屋,
10,28,"bến xe, điểm lên xuống xe",,乗り場,
10,29,tỉnh,,県,
10,30,trên,,上,
10,31,dưới,,下,
10,32,trước,,前,
10,33,sau,,後ろ,
10,34,phải,,右,
10,35,trái,,左,
10,36,"trong, giữa",,中,
10,37,ngoài,,外,
10,38,bên cạnh,,隣,
10,39,gần,,近く,
10,40,giữa,,間,
10,41,"~ và ~, v.v.",,,
10,42,~ nhất,,一番～,
10,43,"giá thứ ~, tầng thứ ~",,～段目,
10,44,Cảm ơn,,,
10,45,tương ớt,,,
10,46,bên trong cùng,,奥,
10,47,góc gia vị,,,
10,48,Công viên Tokyo Disneyland,,東京ディズニーランド,
10,49,tên một siêu thị giả tưởng,,,
11,1,có con,,［子供が～］います,
11,2,ở Nhật,,［日本に～］います,
11,3,"mất, tốn",,,
11,4,nghỉ làm việc,,［会社を～］休みます,
11,5,một cái,,一つ,
11,6,hai cái,,二つ,
11,7,ba cái,,三つ,
11,8,bốn cái,,四つ,
11,9,năm cái,,五つ,
11,10,sáu cái,,六つ,
11,11,bảy cái,,七つ,
11,12,tám cái,,八つ,
11,13,chín cái,,九つ,
11,14,mười cái,,十,
11,15,"mấy cái, bao nhiêu cái",,,
11,16,một người,,一人,
11,17,hai người,,二人,
11,18,~ người,,～人,
11,19,"~ cái dùng để đếm máy móc, xe cộ",,～台,
11,20,"~ tờ, tấm",,～枚,
11,21,~ lần,,～回,
11,22,táo,,,
11,23,quýt,,,
11,24,bánh sandwich,,,
11,25,món cơm cà ri,,,
11,26,kem,,,
11,27,tem,,切手,
11,28,bưu thiếp,,葉書,
11,29,phong bì,,封筒,
11,30,bưu phẩm gửi nhanh,,速達,
11,31,bưu phẩm gửi bảo đảm,,書留,
11,32,thư chuyển bằng đường hàng không,,,
11,33,gửi bằng đường hàng không,,航空便,
11,34,gửi bằng đường biển,,船便,
11,35,bố mẹ,,両親,
11,36,anh chị em,,兄弟,
11,37,anh trai,,兄,
11,38,anh trai của người khác,,お兄さん,
11,39,chị gái,,姉,
11,40,chị gái của người khác,,お姉さん,
11,41,em trai,,弟,
11,42,em trai của người khác,,弟さん,
11,43,em gái,,妹,
11,44,em gái của người khác,,妹さん,
11,45,nước ngoài,,外国,
11,46,~ tiếng,,～時間,
11,47,~ tuần,,～週間,
11,48,~ tháng,,～か月,
11,49,~ năm,,～年,
11,50,khoảng ~,,,
11,51,bao lâu,,,
11,52,tổng cộng,,全部で,
11,53,tất cả,,皆,
11,54,chỉ ~,,,
11,55,"Xin mời vào, xin chào quý khách",,,
11,56,Trời đẹp nhỉ,,いい［お］天気ですね。,
11,57,Anh/chị đi ra ngoài đấy à?,,お出かけですか。,
11,58,Tôi đi ~ một chút,,,
11,59,Anh/chị đi nhé,,行っていらっしゃい。,
11,60,Tôi đi đây,,行ってまいります。,
11,61,"sau đó, tiếp theo",,,
11,62,Úc,,,
12,1,"đơn giản, dễ",,簡単［な］,
12,2,gần,,近い,
12,3,xa,,遠い,
12,4,"nhanh, sớm",,速い／早い,
12,5,"chậm, muộn",,遅い,
12,6,nhiều người,,［人が～］多い,
12,7,ít người,,［人が～］少ない,
12,8,ấm,,温かい／暖かい,
12,9,mát,,涼しい,
12,10,ngọt,,甘い,
12,11,cay,,辛い,
12,12,nặng,,重い,
12,13,nhẹ,,軽い,
12,14,"thích, chọn, dùng",,,
12,15,mùa,,季節,
12,16,mùa xuân,,春,
12,17,mùa hè,,夏,
12,18,mùa thu,,秋,
12,19,mùa đông,,冬,
12,20,thời tiết,,天気,
12,21,mưa,,雨,
12,22,tuyết,,雪,
12,23,có mây,,曇り,
12,24,khách sạn,,,
12,25,sân bay,,空港,
12,26,"biển, đại dương",,海,
12,27,thế giới,,世界,
12,28,tiệc,,,
12,29,lễ hội,,［お］祭り,
12,30,"kỳ thi, bài thi",,試験,
12,31,món Sukiyaki,,すき焼き,
12,32,món gỏi cá sống Sashimi,,刺身,
12,33,Sushi,,［お］寿司,
12,34,Tempura,,天ぷら,
12,35,nghệ thuật cắm hoa,,生け花,
12,36,lá đỏ,,紅葉,
12,37,"phía nào, đằng nào, chỗ nào, đâu",,,
12,38,cả hai,,,
12,39,hơn hẳn,,,
12,40,lần đầu tiên,,初めて,
12,41,Tôi đã về đây,,,
12,42,Anh/chị đã về đấy à,,お帰りなさい。,
12,43,"Ghê quá nhỉ, hay quá nhỉ",,,
12,44,nhưng,,,
12,45,Tôi mệt rồi,,疲れました。,
12,46,Lễ hội Gion,,祇園祭,
12,47,Hồng Kông,,香港,
12,48,Singapore,,,
12,49,tên một siêu thị giả tưởng,,毎日屋,
12,50,tên một siêu thị giả tưởng,,,
12,51,tên một siêu thị giả tưởng,,,
13,1,chơi,,遊びます,
13,2,bơi,,泳ぎます,
13,3,đón,,迎えます,
13,4,mệt,,疲れます,
13,5,gửi thư,,［手紙を～］出します,
13,6,vào quán giải khát,,［喫茶店に～］入ります,
13,7,ra khỏi quán giải khát,,［喫茶店を～］出ます,
13,8,"kết hôn, lập gia đình, cưới",,結婚します,
13,9,mua hàng,,買い物します,
13,10,ăn cơm,,食事します,
13,11,đi dạo ở công viên,,［公園を～］散歩します,
13,12,"vất vả, khó khăn, khổ",,大変［な］,
13,13,muốn có,,欲しい,
13,14,"buồn, cô đơn",,寂しい,
13,15,rộng,,広い,
13,16,"chật, hẹp",,狭い,
13,17,"văn phòng hành chính quận, thành phố",,市役所,
13,18,bể bơi,,,
13,19,sông,,川,
13,20,kinh tế,,経済,
13,21,mỹ thuật,,美術,
13,22,câu cá,,釣り,
13,23,trượt tuyết,,,
13,24,"họp, cuộc họp",,会議,
13,25,đăng ký,,登録,
13,26,cuối tuần,,週末,
13,27,"khoảng ~, dùng cho thời gian",,～頃,
13,28,cái gì đó,,何か,
13,29,"đâu đó, chỗ nào đó",,,
13,30,Tôi đói rồi,,,
13,31,Tôi no rồi,,,
13,32,Tôi khát,,,
13,33,Thế à. / Như vậy nhỉ,,,
13,34,Nhất trí. / Chúng ta thống nhất như thế,,,
13,35,Anh/chị dùng món gì ạ?,,ご注文は？,
13,36,"cơm suất, cơm phần",,定食,
13,37,món cơm thịt bò,,牛どん,
13,38,Xin anh/chị vui lòng đợi một chút,,［少々］お待ちください。,
13,39,"riêng ra, để riêng",,別々に,
13,40,Nga,,,
13,41,tên một nhà hàng giả tưởng,,,
13,42,tên một chương trình truyền hình giả tưởng,,,
14,1,"bật điện, bật máy điều hòa",,点けます,
14,2,"tắt điện, tắt máy điều hòa",,消します,
14,3,"mở cửa, mở cửa sổ",,開けます,
14,4,"đóng cửa, đóng cửa sổ",,閉めます,
14,5,"vội, gấp",,急ぎます,
14,6,"đợi, chờ",,待ちます,
14,7,"dừng, đỗ xe",,止めます,
14,8,"rẽ phải, quẹo phải",,［右へ～］曲がります,
14,9,"mang, cầm",,持ちます,
14,10,lấy,,取ります,
14,11,"giúp, giúp đỡ",,手伝います,
14,12,"gọi taxi, gọi tên",,呼びます,
14,13,"nói, nói chuyện",,話します,
14,14,"cho xem, trình cho xem",,見せます,
14,15,"nói địa chỉ, cho biết địa chỉ",,［住所を～］教えます,
14,16,bắt đầu,,始めます,
14,17,"mưa rơi, tuyết rơi",,［雨が～］降ります,
14,18,"sao chép, copy",,,
14,19,máy điều hòa,,,
14,20,hộ chiếu,,,
14,21,tên,,名前,
14,22,địa chỉ,,住所,
14,23,bản đồ,,地図,
14,24,muối,,塩,
14,25,đường,,砂糖,
14,26,cách đọc,,読み方,
14,27,"cách làm, cách ~",,～方,
14,28,"chậm, thong thả, thoải mái",,,
14,29,"ngay, lập tức",,直ぐ,
14,30,"lại, lần nữa",,,
14,31,"sau, sau đó",,後で,
14,32,thêm một chút nữa thôi,,もう少し,
14,33,thêm ~,,,
14,34,Được chứ. / Được ạ,,,
14,35,Thôi nào. / Nào,,,
14,36,Ô! / Ủa?,,,
14,37,Anh/chị hãy rẽ phải ở chỗ đèn tín hiệu,,信号を右へ曲がってください,
14,38,thẳng,,,
14,39,Gửi anh/chị tiền này. / Tôi trả bằng cái này,,これでお願いします。,
14,40,"tiền lẻ, tiền thừa",,お釣り,
14,41,"Umeda, tên một địa phương ở Osaka",,梅田,
15,1,đứng,,立ちます,
15,2,ngồi,,座ります,
15,3,"dùng, sử dụng",,使います,
15,4,"đặt, để",,置きます,
15,5,"làm, chế tạo, sản xuất",,作ります／造ります,
15,6,bán,,売ります,
15,7,biết,,知ります,
15,8,"sống, ở",,住みます,
15,9,nghiên cứu,,研究します,
15,10,biết,,知っています,
15,11,sống ở Osaka,,［大阪に～］住んでいます,
15,12,"tài liệu, tư liệu",,資料,
15,13,ca-ta-lô,,,
15,14,bảng giờ tàu chạy,,時刻表,
15,15,quần áo,,服,
15,16,sản phẩm,,製品,
15,17,phần mềm,,,
15,18,chuyên môn,,専門,
15,19,nha sĩ,,歯医者,
15,20,hiệu cắt tóc,,床屋,
15,21,quầy bán vé trong nhà hát,,,
15,22,độc thân,,独身,
15,23,đặc biệt,,特に,
15,24,"nhớ lại, hồi tưởng",,思い出します,
15,25,gia đình của người khác,,ご家族,
15,26,thể kính trọng của います,,,
15,27,trường trung học phổ thông,,高校,
15,28,"Nihonbashi, tên một khu phố buôn bán ở Osaka",,日本橋,
16,1,"đi, lên tàu",,［電車に～］乗ります,
16,2,xuống tàu,,［電車を～］降ります,
16,3,"chuyển tàu, đổi tàu",,乗り換えます,
16,4,tắm vòi hoa sen,,［シャワーを～］浴びます,
16,5,"cho vào, bỏ vào",,入れます,
16,6,"lấy ra, rút tiền",,出します,
16,7,"vào đại học, nhập học đại học",,［大学に～］入ります,
16,8,"ra khỏi đại học, tốt nghiệp đại học",,［大学を～］出ます,
16,9,"bỏ việc, thôi việc ở công ty",,［会社を～］辞めます,
16,10,"bấm, ấn nút",,押します,
16,11,trẻ,,若い,
16,12,dài,,長い,
16,13,ngắn,,短い,
16,14,sáng,,明るい,
16,15,tối,,暗い,
16,16,"cao, dùng cho người",,背が高い,
16,17,thông minh,,頭がいい,
16,18,"người, cơ thể",,体,
16,19,đầu,,頭,
16,20,tóc,,髪,
16,21,mặt,,顔,
16,22,mắt,,目,
16,23,tai,,耳,
16,24,miệng,,口,
16,25,răng,,歯,
16,26,bụng,,お腹,
16,27,chân,,足,
16,28,dịch vụ,,,
16,29,chạy bộ,,,
16,30,vòi hoa sen,,,
16,31,màu xanh lá cây,,緑,
16,32,chùa,,［お］寺,
16,33,đền thờ Thần đạo,,神社,
16,34,"lưu học sinh, du học sinh",,留学生,
16,35,"số một, nhất",,一番,
16,36,làm thế nào,,,
16,37,"cái nào ~, dùng khi có từ ba lựa chọn trở lên",,,
16,38,"Không, tôi còn kém lắm",,,
16,39,Anh/chị rút tiền ạ?,,お引き出しですか,
16,40,"trước hết, đầu tiên",,,
16,41,"thẻ ngân hàng, thẻ ATM",,,
16,42,"mã số bí mật, mật khẩu",,暗証番号,
16,43,tiếp theo,,次に,
16,44,"số tiền, khoản tiền",,金額,
16,45,"sự xác nhận, sự kiểm tra",,確認,
16,46,nút,,,
16,47,công ty đường sắt Nhật Bản,,,
16,48,châu Á,,,
16,49,"Bandung, một địa danh ở Indonesia",,,
16,50,"Veracruz, một địa danh ở Mexico",,,
16,51,"Franken, một địa danh ở Đức",,,
16,52,Việt Nam,,,
16,53,Huế,,,
16,54,tên một điểm dừng xe buýt giả tưởng,,大学前,
17,1,nhớ,,,
17,2,quên,,,
17,3,"mất, đánh mất",,,
17,4,nộp báo cáo,,,
17,5,trả tiền,,,
17,6,trả lại,,,
17,7,ra ngoài,,,
17,8,"cởi quần áo, cởi giày",,,
17,9,"mang đi, mang theo",,,
17,10,mang đến,,,
17,11,lo lắng,,,
17,12,"làm thêm, làm quá giờ",,,
17,13,đi công tác,,,
17,14,uống thuốc,,,
17,15,"tắm bồn, vào bồn tắm",,,
17,16,"quan trọng, quý giá",,,
17,17,"không sao, không có vấn đề gì",,,
17,18,nguy hiểm,,,
17,19,vấn đề,,,
17,20,câu trả lời,,,
17,21,cấm hút thuốc,,,
17,22,thẻ bảo hiểm y tế,,,
17,23,"cảm, cúm",,,
17,24,sốt,,,
17,25,"ốm, bệnh",,,
17,26,thuốc,,,
17,27,bồn tắm,,,
17,28,áo khoác,,,
17,29,quần áo lót,,,
17,30,"thầy, cô",,,
17,31,vài ngày,,,
17,32,trước ~,,,
17,33,vì thế,,,
17,34,Có vấn đề gì?,,,
17,35,Tôi bị đau họng.,,,
17,36,Anh/chị nhớ giữ gìn sức khỏe.,,,
18,1,có thể,,,
18,2,rửa,,,
18,3,chơi nhạc cụ,,,
18,4,hát,,,
18,5,"sưu tầm, thu thập",,,
18,6,"vứt, bỏ đi",,,
18,7,đổi,,,
18,8,lái xe,,,
18,9,đặt chỗ,,,
18,10,tham quan học tập,,,
18,11,đàn piano,,,
18,12,mét,,,
18,13,quốc tế,,,
18,14,tiền mặt,,,
18,15,sở thích,,,
18,16,nhật ký,,,
18,17,cầu nguyện,,,
18,18,tổ trưởng,,,
18,19,trưởng phòng,,,
18,20,giám đốc,,,
18,21,động vật,,,
18,22,ngựa,,,
18,23,thế à,,  ,
18,24,Hay thật nhỉ,,,
18,25,khó mà,,,
18,26,trang trại,,,
18,27,Thật không,,,
18,28,nhất định,,,
18,29,Beatles,,,
19,1,leo núi,,,
19,2,trọ khách sạn,,,
19,3,dọn vệ sinh,,,
19,4,giặt,,,
19,5,luyện tập,,,
19,6,trở thành,,,
19,7,buồn ngủ,,,
19,8,mạnh,,,
19,9,yếu,,,
19,10,tình trạng tốt,,,
19,11,tình trạng xấu,,,
19,12,tình trạng,,,
19,13,golf,,,
19,14,Sumo,,,
19,15,Pachinko,,,
19,16,trà,,,
19,17,ngày,,,
19,18,một lần,,,
19,19,chưa lần nào,,,
19,20,dần dần,,,
19,21,sắp,,,
19,22,cảm ơn,,,
19,23,nâng cốc,,,
19,24,thật ra,,,
19,25,ăn kiêng,,,
19,26,nhiều lần,,,
19,27,nhưng,,,
19,28,quá sức,,,
19,29,tốt cho sức khỏe,,,
19,30,bánh ngọt,,,
19,31,Katsushika Hokusai,,,
20,1,cần visa,,,
20,2,tìm hiểu,,,
20,3,sửa,,,
20,4,tu sửa,,,
20,5,gọi điện,,,
20,6,tớ,,,
20,7,cậu,,,
20,8,#NAME?,,,
20,9,ừ,,,
20,10,không,,,
20,11,nhân viên công ty,,,
20,12,"từ, tiếng",,,
20,13,giá cả,,,
20,14,kimono,,,
20,15,visa,,,
20,16,ban đầu,,,
20,17,kết thúc,,,
20,18,phía này,,,
20,19,phía đó,,,
20,20,phía kia,,,
20,21,phía nào,,,
20,22,hôm nọ,,,
20,23,mọi người cùng,,,
20,24,nhưng,,,
20,25,về nước không,,,
20,26,tính sao,,,
20,27,để tôi xem,,,
20,28,nếu thích,,,
20,29,nhiều thứ,,,
21,1,nghĩ,,,
21,2,nói,,,
21,3,đủ,,,
21,4,thắng,,,
21,5,thua,,,
21,6,được tổ chức,,,
21,7,giúp ích,,,
21,8,lãng phí,,,
21,9,bất tiện,,,
21,10,giống,,,
21,11,ghê quá,,,
21,12,thủ tướng,,,
21,13,tổng thống,,,
21,14,chính trị,,,
21,15,tin tức,,,
21,16,bài phát biểu,,,
21,17,trận đấu,,,
21,18,làm thêm,,,
21,19,ý kiến,,,
21,20,câu chuyện,,,
21,21,hài hước,,,
21,22,sự lãng phí,,,
21,23,thiết kế,,,
21,24,giao thông,,,
21,25,giờ cao điểm,,,
21,26,gần đây,,,
21,27,chắc,,,
21,28,chắc chắn,,,
21,29,thật sự,,,
21,30,không lắm,,,
21,31,về,,,
21,32,đành chịu,,,
21,33,lâu không gặp,,,
21,34,mời uống,,,
21,35,tôi phải xem,,,
21,36,tất nhiên,,,
21,37,kangaroo,,,
21,38,James Cook,,,
22,1,"mặc [áo sơ mi, v.v.]",,［シャツを～］着ます,
22,2,"đi, mặc [giày, quần âu, v.v.]",,［靴を～］はきます,
22,3,"đội [mũ, v.v.]",,［帽子を～］かぶります,
22,4,đeo [kính],,［眼鏡を～］かけます,
22,5,sinh ra,,生まれます,
22,6,áo khoác,,,
22,7,com-lê,,,
22,8,áo len,,,
22,9,mũ,,帽子,
22,10,kính,,眼鏡,
22,11,"tốt, rõ (chỉ mức độ)",,,
22,12,Chúc mừng.,,,
22,13,"phía này, đằng này, chỗ này, đây",,,
22,14,tiền thuê nhà,,家賃,
22,15,ừ~./ Để tôi xem./ Thế nào nhỉ.,,,
22,16,bếp kèm phòng ăn,,,
22,17,phòng kiểu Nhật,,和室,
22,18,chỗ để chăn gối trong một căn phòng kiểu Nhật,,押入れ,
22,19,"chăn, đệm",,布団,
22,20,nhà chung cư,,,
22,21,Pari,,,
22,22,Vạn Lý Trường Thành,,万里の長城,
22,23,Trung tâm phát triển hoạt động giải trí cho người dân,,余暇開発センター,
22,24,sách trắng về sử dụng thời gian rảnh rỗi,,レジャー白書,
23,1,hỏi [giáo viên],,［先生に～］聞きます,
23,2,vặn (núm),,回します,
23,3,chơi (nhạc cụ),,引きます,
23,4,đổi,,変えます,
23,5,"sờ, chạm vào [cửa]",,［ドアに～］触ります,
23,6,"ra, đi ra [tiền thừa ~]",,［お釣りが～］出ます,
23,7,"chuyển động, chạy [đồng hồ ~]",,［時計が～］動きます,
23,8,đi bộ [trên đường],,［道を～］歩きます,
23,9,"qua, đi qua [cầu]",,［橋を～］渡ります,
23,10,"chú ý, cẩn thận [với ô-tô]",,［車に～］気をつけます,
23,11,chuyển nhà,,引っ越しします,
23,12,cửa hàng đồ điện,,電気屋,
23,13,cửa hàng ~,,～屋,
23,14,"cỡ, kích thước",,,
23,15,âm thanh,,音,
23,16,"máy, máy móc",,機械,
23,17,núm vặn,,,
23,18,hỏng (bị hỏng),,故障,
23,19,đường,,道,
23,20,ngã tư,,交差点,
23,21,đèn tín hiệu,,信号,
23,22,góc,,角,
23,23,cầu,,橋,
23,24,bãi đỗ xe,,駐車場,
23,25,"thứ –, số – (biểu thị thứ tự)",,―目,
23,26,Tết (Dương lịch),,［お］正月,
23,27,Xin cám ơn anh/chị đã đãi tôi bữa cơm.,,,
23,28,tòa nhà,,建物,
23,29,thẻ đăng ký người nước ngoài,,外国人登録証,
23,30,Thái tử Shotoku (574-622),,聖徳太子,
23,31,Chùa Horyu-ji,,法隆寺,
23,32,tên một loại trà (giả tưởng),,元気茶,
23,33,tên một nhà ga (giả tưởng),,本田駅,
23,34,tên một bến xe buýt (giả tưởng),,図書館前,
24,1,"cho, tặng (tôi)",,,
24,2,dẫn đi,,連れて行きます,
24,3,dẫn đến,,連れて来ます,
24,4,"đưa đi, đưa đến, tiễn [một ai đó]",,［人を～］送ります,
24,5,giới thiệu,,紹介します,
24,6,"hướng dẫn, giới thiệu, dẫn đường",,案内します,
24,7,"giải thích, trình bày",,説明します,
24,8,pha [cà phê],,,
24,9,"ông nội, ông ngoại, ông",,,
24,10,"bà nội, bà ngoại, bà",,,
24,11,sự chuẩn bị [～します: chuẩn bị],,準備［～します］,
24,12,ý nghĩa,,意味,
24,13,bánh kẹo,,［お］菓子,
24,14,"toàn bộ, tất cả",,全部,
24,15,tự mình,,自分で,
24,16,"ngoài ra, còn gì/ai khác",,他に,
24,17,xe ô-tô chở khách loại nhỏ,,ワゴン車,
24,18,cơm hộp,,［お］弁当,
24,19,Ngày của Mẹ,,母の日,
25,1,"nghĩ, suy nghĩ",,考えます,
25,2,đến [ga],,［駅に～］着きます,
25,3,du học,,留学します,
25,4,"thêm tuổi, có tuổi",,［年を～］取ります,
25,5,"quê, nông thôn",,田舎,
25,6,đại sứ quán,,大使館,
25,7,"nhóm, đoàn",,,
25,8,cơ hội,,,
25,9,một trăm triệu,,億,
25,10,nếu [～ thì],,,
25,11,"cho dù, dù ～ thế nào đi nữa",,,
25,12,việc chuyển địa điểm làm việc [～します: chuyển công tác],,転勤［～します］,
25,13,"việc, chuyện [～のこと: việc ～]",,,
25,14,Chúng ta cùng uống nhé.,,一杯飲みましょう。,
25,15,Anh/chị đã giúp tôi rất nhiều.,,［いろいろ］お世話になりました。,
25,16,cố gắng,,頑張ります,
25,17,Chúc anh/chị mạnh khỏe.,,どうぞお元気で。,
25,18,Việt Nam,,,
